/*
 Navicat MySQL Data Transfer

 Source Server         : 123.56.129.117
 Source Server Version : 50619
 Source Host           : 123.56.129.117
 Source Database       : buci

 Target Server Version : 50619
 File Encoding         : utf-8

 Date: 11/27/2015 14:32:50 PM
*/

SET NAMES utf8;
SET FOREIGN_KEY_CHECKS = 0;

-- ----------------------------
--  Table structure for `bc_lyrics`
-- ----------------------------
DROP TABLE IF EXISTS `bc_lyrics`;
CREATE TABLE `bc_lyrics` (
  `id` varchar(32) NOT NULL COMMENT '唯一主键',
  `type` varchar(32) DEFAULT NULL COMMENT '类型',
  `title` varchar(255) DEFAULT NULL COMMENT '歌曲名',
  `artist` varchar(255) DEFAULT NULL COMMENT '艺术家',
  `album` varchar(255) DEFAULT NULL COMMENT '专辑',
  `medialength` varchar(32) DEFAULT NULL COMMENT '歌曲时常',
  `rating` varchar(32) DEFAULT NULL COMMENT '评分',
  `downloads` int(11) DEFAULT NULL COMMENT '下载量',
  `updatedate` varchar(255) DEFAULT NULL COMMENT '更新日期',
  `path` varchar(255) DEFAULT NULL COMMENT '歌词路径',
  `albumImg` varchar(255) DEFAULT NULL COMMENT '专辑图片路径',
  PRIMARY KEY (`id`)
) ENGINE=InnoDB DEFAULT CHARSET=utf8;

-- ----------------------------
--  Records of `bc_lyrics`
-- ----------------------------
BEGIN;
INSERT INTO `bc_lyrics` VALUES ('40288002461893e40146189411d40000', 'lrc', '夜的第七章', 'jay', '依然范特西', '00:04:25', null, null, '2014-05-24 06:32:12', 'e:/bruce/album/1400571695396.qrc', '/mnt/apk/album/1400884332437.jpg'), ('402880024618d1ed014618dc380c0000', 'lrc', 'Call Me Maybe ', 'Carly Rae Jepsen', 'Call Me Maybe', '03:14', null, null, '2014-05-23 18:23:48', 'e:/bruce/album/1400576423941.lrc', 'e:/bruce/album/1400840628480.jpg'), ('40288002461915470146192006760000', 'lrc', '泡沫 ', 'G.E.M.邓紫棋', '泡沫', '00:04:05', null, null, '2014-05-23 18:20:00', 'e:/bruce/album/1400580867696.lrc', 'e:/bruce/album/1400840400782.jpg'), ('40288002462887680146289436890000', 'lrc', '换约', '梁咏琪', '《蝴蝶吻》', '04:30', null, null, '2014-05-23 18:21:48', 'e:/bruce/album/1400840140404.lrc', 'e:/bruce/album/1400840508205.jpg'), ('4028800246288768014628993f070002', 'lrc', 'Not Going Anywhere', 'Keren Ann', '《Not Going Anywhere》', '03:56', null, null, '2014-05-23 18:21:10', 'e:/bruce/album/1400840470278.lrc', 'e:/bruce/album/1400840470274.jpg'), ('4028800246289d330146289eeecb0000', 'lrc', 'Loucura', '	 Mariza', '《Fado Em Mim》', '03:30', null, null, '2014-05-23 18:27:22', 'e:/bruce/album/1400840842950.lrc', 'e:/bruce/album/1400840842948.jpg'), ('4028800246289d33014628a04a640002', 'lrc', 'Rabbit', 'Matt Duke', '《Kingdom Underground》', '04:23', null, null, '2014-05-23 18:28:51', 'e:/bruce/album/1400840931924.lrc', 'e:/bruce/album/1400840931921.jpg'), ('4028800246289d33014628a197760004', 'lrc', 'Imagine', '	 Declan Galbraith', '《Declan Galbraith》', '04:22', null, null, '2014-05-24 06:33:54', 'e:/bruce/album/1400841017203.lrc', '/mnt/apk/album/1400884434722.jpg'), ('402880214c500417014c500eea5c0002', 'lrc', 'c', 'a', 'b', '00:40:32.00', null, null, '2015-03-25 16:31:37', 'e:/bruce/album/1427272297051.lrc', 'e:/bruce/album/1427272297047.jpg'), ('402880464bde91eb014bde9ff2fb0000', 'lrc', '333', '111', '222', '444', null, null, '2015-03-03 15:53:19', 'e:/bruce/album/1425369199349.lrc', 'e:/bruce/album/1425369199344.jpg'), ('402880464bde91eb014bdea2c73b0002', 'lrc', '5', '3', '4', '6', null, null, '2015-03-03 15:56:24', 'e:/bruce/album/1425369384695.lrc', 'e:/bruce/album/1425369384690.jpg'), ('402880464bde91eb014bdea306b30004', 'lrc', '77', '77', '77', '77', null, null, '2015-03-03 15:56:41', 'e:/bruce/album/1425369401008.lrc', 'e:/bruce/album/1425369401005.jpg'), ('402880464bdea65b014bdea881ce0000', 'lrc', '7777', '7777', '7777', '7777', null, null, '2015-03-03 16:02:40', 'e:/bruce/album/1425369760181.lrc', 'e:/bruce/album/1425369760179.jpg'), ('8a2a607b4be3c16f014be3c99ab70003', 'lrc', '你妹的，怎么添加还是灰的', '哥来啦', '小五小六赶紧列队欢迎', '能愉快玩耍吗', null, null, '2015-03-04 15:56:55', '/mnt/apk/album/1425455815351.jpg', '/mnt/apk/album/1425455815350.gif'), ('8a2a607b4e782df10150609690930002', 'lrc', '《雨下一整晚》', '周杰伦', '《跨时代》', '04:16', null, null, '2015-10-13 17:44:51', '/mnt/apk/album/1444729491583.lrc', '/mnt/apk/album/1444729491558.jpg'), ('8a2a607b4e782df101508f69de4e0005', 'lrc', 'cat', 'cat', 'cat', '00:02:01', null, null, '2015-10-22 19:58:11', '/mnt/apk/album/1445515091524.lrc', '/mnt/apk/album/1445515091486.gif'), ('ff8081814621311a014623585bba000a', 'lrc', '类似爱情', '萧亚轩', '三面夏娃', '04:02', null, null, '2014-05-23 18:24:22', '/mnt/apk/album/1400752331702.lrc', 'e:/bruce/album/1400840662886.jpg');
COMMIT;

-- ----------------------------
--  Table structure for `bc_lyrics_comment`
-- ----------------------------
DROP TABLE IF EXISTS `bc_lyrics_comment`;
CREATE TABLE `bc_lyrics_comment` (
  `id` varchar(32) NOT NULL,
  `lyricsid` varchar(32) NOT NULL COMMENT '歌词id',
  `userid` varchar(32) DEFAULT NULL COMMENT '赞的人',
  `comment` varchar(2000) DEFAULT NULL COMMENT '评论内容',
  `create_time` varchar(200) DEFAULT NULL COMMENT '评论时间',
  PRIMARY KEY (`id`)
) ENGINE=InnoDB DEFAULT CHARSET=utf8 COMMENT='歌词/图片  评论';

-- ----------------------------
--  Records of `bc_lyrics_comment`
-- ----------------------------
BEGIN;
INSERT INTO `bc_lyrics_comment` VALUES ('402880244c6ea8fe014c6f3c00880013', '402880214c500417014c500eea5c0002', '402880244c6ea8fe014c6eaf062c0002', '我的qq是 1007136434哦  来赞我啊', '2015-03-31 17:49:05'), ('402880484be27623014be2bf42150002', '402880464bdea65b014bdea881ce0000', '4028800246175f22014617603b3d0000', 'asdsad', '2015-03-04 11:06:00'), ('402880484be27623014be2c0c9e80003', '402880464bdea65b014bdea881ce0000', '4028800246175f22014617603b3d0000', 'hi,nice噢', '2015-03-04 11:07:40'), ('402880484be27623014be2c190f90004', '402880464bdea65b014bdea881ce0000', '4028800246175f22014617603b3d0000', '不错', '2015-03-04 11:08:31'), ('402880484be27623014be2c5ad910005', '40288002462887680146289436890000', '4028800246175f22014617603b3d0000', '美女啊！！！！！', '2015-03-04 11:13:00'), ('402880484be27623014be2c6ee730006', '402880464bdea65b014bdea881ce0000', '40288002461d5e3901461d5ebb6e0000', '猫猫不错', '2015-03-04 11:14:22'), ('402880484be27623014be2d49a520011', '402880464bde91eb014bdea306b30004', '40288002461d5e3901461d5ebb6e0000', '......', '2015-03-04 11:29:18'), ('8a2a607b4be3c16f014be3c2f6400000', '402880464bdea65b014bdea881ce0000', '402880484be35eb6014be365844e0000', '喵了个咪', '2015-03-04 15:49:40'), ('8a2a607b4be3c16f014be3cca77d0006', '8a2a607b4be3c16f014be3c99ab70003', '402880484be35eb6014be365844e0000', '这是你传的猪啊？', '2015-03-04 16:00:15'), ('8a2a607b4c72dee7014c72e12ad50002', '402880464bdea65b014bdea881ce0000', '8a2a607b4c6f4a68014c6f5506ff0000', '哈哈  不错', '2015-04-01 10:48:21'), ('8a2a607b4c72dee7014c730e838e0014', '402880464bdea65b014bdea881ce0000', '8a2a607b4c72dee7014c730866880011', 'miao~~~~~~wu', '2015-04-01 11:37:53'), ('8a2a607b4e782df101508f6b13120009', '8a2a607b4e782df10150609690930002', '4028800246132e3001461332b47b0003', '你就是传说中的不死小强吗？', '2015-10-22 19:59:30');
COMMIT;

-- ----------------------------
--  Table structure for `bc_lyrics_zan`
-- ----------------------------
DROP TABLE IF EXISTS `bc_lyrics_zan`;
CREATE TABLE `bc_lyrics_zan` (
  `id` varchar(32) NOT NULL,
  `lyricsid` varchar(32) NOT NULL COMMENT '歌词id',
  `userid` varchar(32) DEFAULT NULL COMMENT '赞的人',
  PRIMARY KEY (`id`)
) ENGINE=InnoDB DEFAULT CHARSET=utf8 COMMENT='歌词/图片  赞';

-- ----------------------------
--  Records of `bc_lyrics_zan`
-- ----------------------------
BEGIN;
INSERT INTO `bc_lyrics_zan` VALUES ('402880214c4fcde7014c4fd345400000', 'ff8081814621311a014623585bba000a', '4028800246132e3001461332b47b0003'), ('402880214c4fcde7014c4fd359970001', '4028800246289d33014628a04a640002', '4028800246132e3001461332b47b0003'), ('402880214c4fcde7014c4fd60bf50002', '4028800246289d330146289eeecb0000', '4028800246132e3001461332b47b0003'), ('402880214c4fcde7014c4fd636a50003', '40288002462887680146289436890000', '4028800246132e3001461332b47b0003'), ('402880214c4fcde7014c4fdb2cad0004', '8a2a607b4be3c16f014be3c99ab70003', '4028800246132e3001461332b47b0003'), ('402880214c4ff4f3014c4ffb08e70000', '4028800246289d33014628a197760004', '402880484be35eb6014be365844e0000'), ('402880214c500417014c50066ec00001', '402880464bdea65b014bdea881ce0000', '402880214c500417014c5005f25b0000'), ('402880214c500417014c500fbaa40004', '402880214c500417014c500eea5c0002', '402880214c500417014c5005f25b0000'), ('402880244c6ea8fe014c6f3b58aa0010', '402880214c500417014c500eea5c0002', '402880244c6ea8fe014c6eaf062c0002'), ('402880244c6ea8fe014c6f3b708e0011', '40288002461893e40146189411d40000', '402880244c6ea8fe014c6eaf062c0002'), ('402880464bded18e014bded2a1080000', '402880464bdea65b014bdea881ce0000', '4028800246132e3001461332b47b0003'), ('402880464bded18e014bded364eb0001', '402880464bde91eb014bdea306b30004', '4028800246132e3001461332b47b0003'), ('402880464bded18e014bded377db0002', '402880464bde91eb014bdea2c73b0002', '4028800246132e3001461332b47b0003'), ('402880464bded18e014bded411a80003', '402880464bde91eb014bde9ff2fb0000', '4028800246132e3001461332b47b0003'), ('402880464bded18e014bded47dd40004', '40288002461893e40146189411d40000', '4028800246132e3001461332b47b0003'), ('402880464bded18e014bded501820005', '4028800246289d33014628a197760004', '4028800246132e3001461332b47b0003'), ('402880464bded18e014bded50b0b0006', '402880024618d1ed014618dc380c0000', '4028800246132e3001461332b47b0003'), ('402880484be27623014be2776ec40000', '402880464bdea65b014bdea881ce0000', '4028800246175f22014617603b3d0000'), ('402880484be27623014be2786f4d0001', '40288002462887680146289436890000', '4028800246175f22014617603b3d0000'), ('402880484be27623014be2ce34b70007', '402880464bde91eb014bdea2c73b0002', '40288002461d5e3901461d5ebb6e0000'), ('402880484be27623014be2ce3bc20008', '402880464bdea65b014bdea881ce0000', '40288002461d5e3901461d5ebb6e0000'), ('402880484be27623014be2ce43070009', '402880464bde91eb014bdea306b30004', '40288002461d5e3901461d5ebb6e0000'), ('402880484be27623014be2ce4917000a', '40288002461893e40146189411d40000', '40288002461d5e3901461d5ebb6e0000'), ('402880484be27623014be2ce4f1d000b', '4028800246289d33014628a04a640002', '40288002461d5e3901461d5ebb6e0000'), ('402880484be27623014be2ce580b000c', '40288002462887680146289436890000', '40288002461d5e3901461d5ebb6e0000'), ('402880484be27623014be2ce61fb000d', '402880024618d1ed014618dc380c0000', '40288002461d5e3901461d5ebb6e0000'), ('402880484be27623014be2ce778e000e', 'ff8081814621311a014623585bba000a', '40288002461d5e3901461d5ebb6e0000'), ('402880484be27623014be2ce96aa000f', '402880464bde91eb014bde9ff2fb0000', '40288002461d5e3901461d5ebb6e0000'), ('402880484be27623014be2d44d860010', '4028800246289d330146289eeecb0000', '40288002461d5e3901461d5ebb6e0000'), ('402880ef4d287621014d2877fee90001', '402880214c500417014c500eea5c0002', '4028800246132e3001461332b47b0003'), ('8a2a607b4be32484014be351dd9b0002', '402880464bdea65b014bdea881ce0000', '4028800246174b4c0146174b94be0000'), ('8a2a607b4be32484014be351e9360003', '402880464bde91eb014bdea306b30004', '4028800246174b4c0146174b94be0000'), ('8a2a607b4be32484014be3520acb0004', '4028800246289d33014628a04a640002', '4028800246174b4c0146174b94be0000'), ('8a2a607b4be32484014be35307ed0005', '40288002462887680146289436890000', '4028800246174b4c0146174b94be0000'), ('8a2a607b4be32484014be353679e0006', '4028800246288768014628993f070002', '4028800246174b4c0146174b94be0000'), ('8a2a607b4be3c16f014be3c71cdb0002', '402880464bdea65b014bdea881ce0000', '402880484be35eb6014be365844e0000'), ('8a2a607b4be3c16f014be3cc62bf0005', '8a2a607b4be3c16f014be3c99ab70003', '402880484be35eb6014be365844e0000'), ('8a2a607b4bee7d09014bee90a96c0000', '402880464bde91eb014bdea306b30004', '402880484be35eb6014be365844e0000'), ('8a2a607b4bee7d09014bee90b5a10001', '402880024618d1ed014618dc380c0000', '402880484be35eb6014be365844e0000'), ('8a2a607b4bee7d09014bee90d4ab0002', '40288002462887680146289436890000', '402880484be35eb6014be365844e0000'), ('8a2a607b4c72dee7014c72e1a13f0004', '402880214c500417014c500eea5c0002', '8a2a607b4c6f4a68014c6f5506ff0000'), ('8a2a607b4c72dee7014c72e1ab5d0005', '402880464bdea65b014bdea881ce0000', '8a2a607b4c6f4a68014c6f5506ff0000'), ('8a2a607b4c72dee7014c72e1b44f0006', '402880464bde91eb014bdea306b30004', '8a2a607b4c6f4a68014c6f5506ff0000'), ('8a2a607b4c72dee7014c72e1c0910007', '402880464bde91eb014bde9ff2fb0000', '8a2a607b4c6f4a68014c6f5506ff0000'), ('8a2a607b4c72dee7014c72e1cabe0008', '4028800246289d33014628a197760004', '8a2a607b4c6f4a68014c6f5506ff0000'), ('8a2a607b4c72dee7014c730e026d0013', '402880464bdea65b014bdea881ce0000', '8a2a607b4c72dee7014c730866880011'), ('8a2a607b4c72dee7014c77e952760021', '402880464bdea65b014bdea881ce0000', '8a2a607b4c72dee7014c77e8c5ad001f'), ('8a2a607b4cd5ccd0014cd5cf25010000', '402880024618d1ed014618dc380c0000', '4028800246174b4c0146174b94be0000'), ('8a2a607b4e782df101508f6a69af0007', '8a2a607b4e782df101508f69de4e0005', '4028800246132e3001461332b47b0003'), ('8a2a607b4e782df101508f6ac5950008', '8a2a607b4e782df10150609690930002', '4028800246132e3001461332b47b0003');
COMMIT;

-- ----------------------------
--  Table structure for `bc_note`
-- ----------------------------
DROP TABLE IF EXISTS `bc_note`;
CREATE TABLE `bc_note` (
  `id` varchar(255) NOT NULL COMMENT '唯一主键',
  `note` varchar(4000) DEFAULT NULL COMMENT '碎碎词.随笔',
  `opened` varchar(255) DEFAULT NULL COMMENT '是否公开',
  `createtime` varchar(255) DEFAULT NULL COMMENT '创建时间',
  `userid` varchar(32) DEFAULT NULL COMMENT '用户id',
  PRIMARY KEY (`id`)
) ENGINE=InnoDB DEFAULT CHARSET=utf8;

-- ----------------------------
--  Records of `bc_note`
-- ----------------------------
BEGIN;
INSERT INTO `bc_note` VALUES ('1', '我是一只爱吃的肥肥安。。。。。。。。。。。。。。。', 'yes', '2014-05-21 18:15:34', '40288002461d5e3901461d5ebb6e0000'), ('40288002461d22cf01461d240ea80000', '早上做梦哭着醒来的\r\n很奇怪的一个梦 主角像是电影之类的 完全是另一个人的生活 是听听力听多了么\r\n怎么梦中人都是外国的 还都是英文对白=、=\r\n可是却像是感同身受 哭得很伤心\r\n醒来了觉得很莫名其妙 又不是自己的故事 哭什么\r\n外面下雨从昨晚下到现在 \r\n下雨天不用出门什么的最好了\r\n可是要打水买饭\r\n伸头看看外面雨好像挺小的 也有人不打伞 走得很悠闲的样子\r\n于是提了壶拿着饭卡下楼了\r\n出到外面 有种深深地被欺骗了的感觉\r\n这雨也不小啊 还有风挺冷的\r\n没法子 一头扎进雨里 迅速打了水冲进食堂\r\n然后又一路跑回了宿舍 \r\n真是自找的 明知下雨 还懒得打伞 还好近啊 可还是感觉有感冒的倾向 \r\n今天是母亲节呢 昨天给妈妈打电话 还是聊一样的话题 小弟老爸 \r\n特地早早地给室友买票 结果12306不知是犯抽了 还是怎么地\r\n换了浏览器都打不开 一大早就郁闷么 \r\n要考试了 复习吧', 'yes', '2014-05-21 12:57:20', '4028800246132e3001461332b47b0003'), ('40288002461d2efd01461d30c4230000', '所有的伤心无非是因为你在乎到不行，每一趟旅行，坐在去长途汽车火车上都会习惯性的选择靠窗的位置。看着车窗外稍纵即逝的风景，内心会平静得可怕，一旦踏上旅途，整个人的心就会变得异常的坚强。一旦停止旅途，会变得脆弱不堪，是一个，一个为了在路上而活着的一个人。', 'yes', '2014-05-21 13:11:13', '4028800246132e3001461332b47b0003'), ('402880fd461f1aa601461f3fd0270004', '今天是5月21号，对我来说是一个特殊的日子，到今天为止，我和他在一起就两年了，感觉时间过得好快，不知不觉两年过去了，我也快毕业了。可是今天过得不是很开心。没想到我在他的心里是那样的人，虽然我有时候很任性，但我从来没有干涉过他的工作，虽然晚上一个人在家里很无聊，但我也没有强迫他回家陪我，毕竟工作比较重要。今天不开心是因为，我更希望今天他会和我说他要带我去哪哪儿吃饭，而不是他问我我想吃什么。为什么什么事情都是我决定，我记忆中仿佛没有什么东西是他主动送给我的，都是我自要的（戒指、项链、手链...），其实我不想这样，我想要的只是一个惊喜。希望以后你除了想工作上的事，能花一点点时间想一下我们的事。521 我爱你一生一世！ OK啦宝贝儿！我人比较木讷，但我会努力的！', 'no', '2014-05-21 22:46:54', 'ff8081814616d5ba014616e33f900000'), ('8a2a607b4be32484014be34188af0001', '这是啥？', 'yes', '2015-03-04 13:28:17', '8a2a607b4be32484014be33919d80000'), ('8a2a607b4be32484014be36aace00008', 'a ???', 'yes', '2015-03-04 14:13:14', '8a2a607b4be32484014be33919d80000'), ('8a2a607b4be32484014be38784830009', 'ad???', 'yes', '2015-03-04 14:44:44', '8a2a607b4be32484014be33919d80000'), ('8a2a607b4be3c16f014be3c3f9fe0001', '我擦，老段你别走，来萨拉啊！', 'yes', '2015-03-04 15:50:46', '402880484be35eb6014be365844e0000'), ('8a2a607b4be4297b014be44c98a70000', '夜空中最亮的星 能否听清\r\n那仰望的人 心底的孤独和叹息\r\n夜空中最亮的星 能否记起\r\n曾与我同行 消失在风里的身影\r\n我祈祷拥有一颗透明的心灵\r\n和会流泪的眼睛\r\n给我再去相信的勇气\r\n越过谎言去拥抱你\r\n每当我找不到存在的意义\r\n每当我迷失在黑夜里\r\n夜空中最亮的星\r\n请指引我靠近你\r\n夜空中最亮的星 是否知道\r\n那曾与我同心的身影 如今在哪里\r\n夜空中最亮的星 是否在意\r\n是太阳先升起 还是意外先来临\r\n我宁愿所有痛苦都留在心里\r\n也不愿忘记你的眼睛\r\n给我再去相信的勇气\r\n越过谎言去拥抱你\r\n每当我找不到存在的意义\r\n每当我迷失在黑夜里\r\n夜空中最亮的星 请照亮我前行\r\n\r\n我祈祷拥有一颗透明的心灵\r\n和会流泪的眼睛\r\n给我再去相信的勇气\r\n越过谎言去拥抱你\r\n每当我找不到存在的意义\r\n每当我迷失在黑夜里\r\n夜空中最亮的星\r\n夜空中最亮的星 请照亮我前行\r\n\r\n夜空中最亮的星 能否听清\r\n那仰望的人 心底的孤独和叹息', 'yes', '2015-03-04 18:20:00', '402880484be35eb6014be365844e0000'), ('8a2a607b4beeaf22014beeb0e6fd0000', 'fuck  傻逼五', 'yes', '2015-03-06 18:45:45', '8a2a607b4be32484014be33919d80000'), ('8a2a607b4c4b55c1014c4be217720004', '黑了倦眼都侧耳倾听，让我做只路过蜻蜓，留下能被怀念过程，虚耗着我这便宜生命。', 'yes', '2015-03-24 21:04:10', '4028800246174b4c0146174b94be0000'), ('8a2a607b4c4b55c1014c4be2685a0005', '如除我以外在你心，还多出一个人，你瞒住我，我亦瞒住我，太合衬。原来我非不快乐，只我一人未发觉若无其事原来是最狠的报复。', 'yes', '2015-03-24 21:04:31', '4028800246174b4c0146174b94be0000'), ('8a2a607b4c4b55c1014c4be531630006', '但愿我可以没成长，完全凭直觉觅对象。模糊地迷恋你一场，就像风雨下潮涨。', 'yes', '2015-03-24 21:07:33', '4028800246174b4c0146174b94be0000'), ('8a2a607b4c72dee7014c731040c30018', '654714226,2410508062,109351618,294831928,\r\n970533763,396125402,459358004', 'yes', '2015-04-01 11:39:47', '8a2a607b4c72dee7014c730866880011'), ('8a2a607b4e782df101508f6e330f000b', '昨天晚上又梦到她了，梦里她爷爷的一个朋友的儿子约她出去玩，后来要欺负她！我正好路过，怒火难耐，充上去拼命，把他打跑了，虽然自己也鼻青脸肿。下次在梦里我希望能说服自己，既然她都选择了离开，心思不在我的身上了，我也要不困于情，不念过去。加油！！', 'yes', '2015-10-22 20:02:55', '4028800246132e3001461332b47b0003'), ('ff8081814621311a014622d3a9300001', '每一次的旅行好多好多的感慨与心情 因为在自己不想动笔的驱使下 成功的忘掉了 因为未曾踏过的土地太多 想用自己的眼睛亲自记录下每一种美丽 孤独与荒芜 所以每一次假期都期待着能去哪里 看什么样的风景 遇见怎样的人 有怎样的心情 却因为各种各样的原因未能实现 诶 最主要的还是因为我们是屌丝 对吧white哈哈哈 \r\n\r\n与瘦子一起看了五月天的诺亚方舟 虽然我不是那些演唱会里挥舞荧光棒尖叫感动得痛哭流涕的一员 但每次听见may day的歌 会感觉有梦想重生的感觉 虽然我总谈梦想 想梦想 却只能站在原地假装我是一名文艺青年 只是害怕失败 害怕被耻笑 被比较 便甘于这样平凡 梦谁人都有 只是大部分的少了过程 或走了不同的路 在追求这条道上 绊倒自己的不是大灾大难 而是优柔寡断 胆小怕事 懒惰无能 懦弱与自己的假借口 心里的执着只能用嘴说出来 却很少用行动去解决 所以 最后 我们都失败了 却还在说着自己不甘于这样输掉所有 \r\n趁我们的路还未走完 趁年华正茂 想和你一起努力 在剩下的三年大学时光里做以后不后悔的事情 虽然没有最光辉的事迹 却也享受这努力的汗水 come on !!!white and black', 'yes', '2014-05-22 15:27:15', 'ff8081814616cf27014616d0ecf70000'), ('ff8081814621311a0146235087e50008', '黄洪超是个大傻比啊！！！咿呀咿呀呦！！！', 'yes', '2014-05-22 17:43:38', '4028800246175f22014617603b3d0000');
COMMIT;

-- ----------------------------
--  Table structure for `bc_user`
-- ----------------------------
DROP TABLE IF EXISTS `bc_user`;
CREATE TABLE `bc_user` (
  `id` varchar(32) NOT NULL COMMENT '唯一主键',
  `username` varchar(30) DEFAULT NULL COMMENT '用户名',
  `first_name` varchar(30) DEFAULT NULL COMMENT '名',
  `last_name` varchar(30) DEFAULT NULL COMMENT '姓',
  `email` varchar(75) DEFAULT NULL COMMENT '邮箱',
  `password` varchar(128) DEFAULT NULL COMMENT '密码',
  `is_staff` tinyint(1) DEFAULT NULL COMMENT '是否职员',
  `is_active` tinyint(1) DEFAULT NULL COMMENT '是否可用',
  `is_superuser` tinyint(1) DEFAULT NULL COMMENT '是否超级用户',
  `last_login` varchar(32) DEFAULT NULL COMMENT '上次登录时间',
  `date_joined` varchar(32) DEFAULT NULL COMMENT '注册时间',
  `is_del` tinyint(1) DEFAULT NULL COMMENT '是否已删除',
  `headpath` varchar(255) DEFAULT NULL COMMENT '头像路径',
  `wx_openid` varchar(255) DEFAULT NULL COMMENT '微信唯一标识',
  `wx_info` varchar(2000) DEFAULT NULL COMMENT '微信用户信息json_string',
  `qq_openid` varchar(255) DEFAULT NULL COMMENT 'qq唯一标示',
  `qq_info` varchar(2000) DEFAULT NULL COMMENT 'qq用户信息json_string',
  `wb_openid` varchar(255) DEFAULT NULL COMMENT '微博唯一标识',
  `wb_info` varchar(2000) DEFAULT NULL COMMENT '微博用户信息',
  PRIMARY KEY (`id`),
  UNIQUE KEY `email` (`email`),
  UNIQUE KEY `wb_openid` (`wb_openid`) USING BTREE,
  UNIQUE KEY `wx_openid` (`wx_openid`) USING BTREE,
  UNIQUE KEY `qq_openid` (`qq_openid`)
) ENGINE=InnoDB DEFAULT CHARSET=utf8 COMMENT='用户信息表';

-- ----------------------------
--  Records of `bc_user`
-- ----------------------------
BEGIN;
INSERT INTO `bc_user` VALUES ('4028800246132e3001461332b47b0003', '聪明的六猴儿', null, null, '654714226@qq.com', 'MTM0ODM3MjQwNTEwMDAwMDA=', null, null, null, null, '2014-05-20 20:42:47', null, 'e:/bruce/heads/1400681484108.jpg', null, null, null, null, null, null), ('4028800246174b4c0146174b94be0000', '俺家的牛跑了789', null, null, '789@qq.com', 'MTIzNDU2MDAwMDAw', null, null, null, null, '2015-03-04 13:19:05', null, '/mnt/apk/heads/1427201696707.jpg', null, null, null, null, null, null), ('4028800246175f22014617603b3d0000', '对面是只猴儿', null, null, '456@qq.com', 'MTIzNDU2MDAwMDAw', null, null, null, null, '2012-05-20 20:42:47', null, '/mnt/apk/heads/1400751906836.jpg', null, null, null, null, null, null), ('40288002461d5e3901461d5ebb6e0000', '肥肥安', null, null, 'qhdsoft@126.com', 'MTM0ODM3MjQwNTEwMDAwMDA=', null, null, null, null, '2014-05-20 20:42:47', null, 'e:/bruce/heads/1400666885675.jpg', null, null, null, null, null, null), ('402880214c4ff4f3014c500004f10001', 'qhdlhe', null, null, 'qhdlhe@163.com', 'MTM0ODM3MjQwNTEwMDAwMDA=', null, null, null, null, '2015-03-25 16:15:11', null, null, null, null, null, null, null, null), ('402880214c4ff4f3014c50021e880002', 'qhdsoftware', null, null, 'qhdsoftware@163.com', 'MTM0ODM3MjQwNTEwMDAwMDA=', null, null, null, null, '2015-03-25 16:17:38', null, null, null, null, null, null, null, null), ('402880214c4ff4f3014c5003d89a0004', 'qhdsoftware', null, null, 'qhdsoftware@yeah.net', 'MTM0ODM3MjQwNTEwMDAwMDA=', null, null, null, null, '2015-03-25 16:19:31', null, null, null, null, null, null, null, null), ('402880214c500417014c5005f25b0000', 'qhdsoftware', null, null, 'qhdsoftware@yeah.org', 'MTM0ODM3MjQwNTEwMDAwMDA=', null, null, null, null, '2015-03-25 16:21:49', null, null, null, null, null, null, null, null), ('402880244c6ea8fe014c6eaf062c0002', 'qq_潇湘夜雨', null, null, null, null, null, '1', null, '2015-03-31 15:15:06', '2015-03-31 15:15:06', '0', 'http://q.qlogo.cn/qqapp/101204480/2B9A136546F685D8188C5C982DCAD268/100', null, null, '2B9A136546F685D8188C5C982DCAD268', '{\"ret\":0,\"msg\":\"\",\"is_lost\":0,\"nickname\":\"潇湘夜雨\",\"gender\":\"男\",\"province\":\"\",\"city\":\"那不勒斯\",\"year\":\"1995\",\"figureurl\":\"http://qzapp.qlogo.cn/qzapp/101204480/2B9A136546F685D8188C5C982DCAD268/30\",\"figureurl_1\":\"http://qzapp.qlogo.cn/qzapp/101204480/2B9A136546F685D8188C5C982DCAD268/50\",\"figureurl_2\":\"http://qzapp.qlogo.cn/qzapp/101204480/2B9A136546F685D8188C5C982DCAD268/100\",\"figureurl_qq_1\":\"http://q.qlogo.cn/qqapp/101204480/2B9A136546F685D8188C5C982DCAD268/40\",\"figureurl_qq_2\":\"http://q.qlogo.cn/qqapp/101204480/2B9A136546F685D8188C5C982DCAD268/100\",\"is_yellow_vip\":\"0\",\"vip\":\"0\",\"yellow_vip_level\":\"0\",\"level\":\"0\",\"is_yellow_year_vip\":\"0\"}', null, null), ('402880484be35eb6014be365844e0000', 'zhangyang.z', null, null, 'zhangyang.z@icloud.com', 'MTIzNDU2MDAwMDAw', null, null, null, null, null, null, '/mnt/apk/heads/1425636139264.jpg', null, null, null, null, null, null), ('8a2a607b4be32484014be33919d80000', '请叫我萨比6可以吗？', null, null, 'duqingxiang92@163.com', 'ZHUxMjM0NTYwMDAwMDA=', null, null, null, null, '2015-03-04 13:19:05', null, null, null, null, null, null, null, null), ('8a2a607b4be32484014be3bb9520000a', 'dxy.789', null, null, 'dxy.789@163.com', 'ZHVhbndhbmd5ZTAwMDAwMA==', null, null, null, null, '2015-03-04 15:41:36', null, null, null, null, null, null, null, null), ('8a2a607b4c6f4a68014c6f5506ff0000', 'qq_Bruce', null, null, null, null, null, '1', null, '2015-03-31 18:16:25', '2015-03-31 18:16:25', '0', 'http://q.qlogo.cn/qqapp/101204480/EB7A26247281361F943E73A382E89B08/100', null, null, 'EB7A26247281361F943E73A382E89B08', '{\"ret\":0,\"msg\":\"\",\"is_lost\":0,\"nickname\":\"Bruce\",\"gender\":\"男\",\"province\":\"河北\",\"city\":\"秦皇岛\",\"year\":\"1991\",\"figureurl\":\"http://qzapp.qlogo.cn/qzapp/101204480/EB7A26247281361F943E73A382E89B08/30\",\"figureurl_1\":\"http://qzapp.qlogo.cn/qzapp/101204480/EB7A26247281361F943E73A382E89B08/50\",\"figureurl_2\":\"http://qzapp.qlogo.cn/qzapp/101204480/EB7A26247281361F943E73A382E89B08/100\",\"figureurl_qq_1\":\"http://q.qlogo.cn/qqapp/101204480/EB7A26247281361F943E73A382E89B08/40\",\"figureurl_qq_2\":\"http://q.qlogo.cn/qqapp/101204480/EB7A26247281361F943E73A382E89B08/100\",\"is_yellow_vip\":\"0\",\"vip\":\"0\",\"yellow_vip_level\":\"0\",\"level\":\"0\",\"is_yellow_year_vip\":\"0\"}', null, null), ('8a2a607b4c72dee7014c72fd4a32000b', 'qq_梦芽^_^星诺～just so so]', null, null, null, null, null, '1', null, '2015-04-01 11:19:04', '2015-04-01 11:19:04', '0', 'http://q.qlogo.cn/qqapp/101204480/941EF4564129EEAE59D30A2575904B9A/100', null, null, '941EF4564129EEAE59D30A2575904B9A', '{\"ret\":0,\"msg\":\"\",\"is_lost\":0,\"nickname\":\"梦芽^_^星诺～just so so]\",\"gender\":\"男\",\"province\":\"\",\"city\":\"\",\"year\":\"2015\",\"figureurl\":\"http://qzapp.qlogo.cn/qzapp/101204480/941EF4564129EEAE59D30A2575904B9A/30\",\"figureurl_1\":\"http://qzapp.qlogo.cn/qzapp/101204480/941EF4564129EEAE59D30A2575904B9A/50\",\"figureurl_2\":\"http://qzapp.qlogo.cn/qzapp/101204480/941EF4564129EEAE59D30A2575904B9A/100\",\"figureurl_qq_1\":\"http://q.qlogo.cn/qqapp/101204480/941EF4564129EEAE59D30A2575904B9A/40\",\"figureurl_qq_2\":\"http://q.qlogo.cn/qqapp/101204480/941EF4564129EEAE59D30A2575904B9A/100\",\"is_yellow_vip\":\"0\",\"vip\":\"0\",\"yellow_vip_level\":\"0\",\"level\":\"0\",\"is_yellow_year_vip\":\"0\"}', null, null), ('8a2a607b4c72dee7014c72fd6b4a000d', 'qq_波波', null, null, null, null, null, '1', null, '2015-04-01 11:19:12', '2015-04-01 11:19:12', '0', 'http://q.qlogo.cn/qqapp/101204480/6A6B5C43D45EBB294CD25F22FB255254/100', null, null, '6A6B5C43D45EBB294CD25F22FB255254', '{\"ret\":0,\"msg\":\"\",\"is_lost\":0,\"nickname\":\"波波\",\"gender\":\"男\",\"province\":\"河北\",\"city\":\"衡水\",\"year\":\"1984\",\"figureurl\":\"http://qzapp.qlogo.cn/qzapp/101204480/6A6B5C43D45EBB294CD25F22FB255254/30\",\"figureurl_1\":\"http://qzapp.qlogo.cn/qzapp/101204480/6A6B5C43D45EBB294CD25F22FB255254/50\",\"figureurl_2\":\"http://qzapp.qlogo.cn/qzapp/101204480/6A6B5C43D45EBB294CD25F22FB255254/100\",\"figureurl_qq_1\":\"http://q.qlogo.cn/qqapp/101204480/6A6B5C43D45EBB294CD25F22FB255254/40\",\"figureurl_qq_2\":\"http://q.qlogo.cn/qqapp/101204480/6A6B5C43D45EBB294CD25F22FB255254/100\",\"is_yellow_vip\":\"0\",\"vip\":\"0\",\"yellow_vip_level\":\"0\",\"level\":\"0\",\"is_yellow_year_vip\":\"0\"}', null, null), ('8a2a607b4c72dee7014c730866880011', 'qq_小布', null, null, null, null, null, '1', null, '2015-04-01 11:31:12', '2015-04-01 11:31:12', '0', 'http://q.qlogo.cn/qqapp/101204480/3FFB47E08B94871D19E7AFAD3797F682/100', null, null, '3FFB47E08B94871D19E7AFAD3797F682', '{\"ret\":0,\"msg\":\"\",\"is_lost\":0,\"nickname\":\"小布\",\"gender\":\"男\",\"province\":\"河北\",\"city\":\"秦皇岛\",\"year\":\"1991\",\"figureurl\":\"http://qzapp.qlogo.cn/qzapp/101204480/3FFB47E08B94871D19E7AFAD3797F682/30\",\"figureurl_1\":\"http://qzapp.qlogo.cn/qzapp/101204480/3FFB47E08B94871D19E7AFAD3797F682/50\",\"figureurl_2\":\"http://qzapp.qlogo.cn/qzapp/101204480/3FFB47E08B94871D19E7AFAD3797F682/100\",\"figureurl_qq_1\":\"http://q.qlogo.cn/qqapp/101204480/3FFB47E08B94871D19E7AFAD3797F682/40\",\"figureurl_qq_2\":\"http://q.qlogo.cn/qqapp/101204480/3FFB47E08B94871D19E7AFAD3797F682/100\",\"is_yellow_vip\":\"0\",\"vip\":\"0\",\"yellow_vip_level\":\"0\",\"level\":\"0\",\"is_yellow_year_vip\":\"0\"}', null, null), ('8a2a607b4c72dee7014c7398959c0019', 'qq_贞子一号', null, null, null, null, null, '1', null, '2015-04-01 14:08:41', '2015-04-01 14:08:41', '0', 'http://q.qlogo.cn/qqapp/101204480/9F4EFAB0454B250476A18E5DDD9E03CC/100', null, null, '9F4EFAB0454B250476A18E5DDD9E03CC', '{\"ret\":0,\"msg\":\"\",\"is_lost\":0,\"nickname\":\"贞子一号\",\"gender\":\"女\",\"province\":\"四川\",\"city\":\"成都\",\"year\":\"1994\",\"figureurl\":\"http://qzapp.qlogo.cn/qzapp/101204480/9F4EFAB0454B250476A18E5DDD9E03CC/30\",\"figureurl_1\":\"http://qzapp.qlogo.cn/qzapp/101204480/9F4EFAB0454B250476A18E5DDD9E03CC/50\",\"figureurl_2\":\"http://qzapp.qlogo.cn/qzapp/101204480/9F4EFAB0454B250476A18E5DDD9E03CC/100\",\"figureurl_qq_1\":\"http://q.qlogo.cn/qqapp/101204480/9F4EFAB0454B250476A18E5DDD9E03CC/40\",\"figureurl_qq_2\":\"http://q.qlogo.cn/qqapp/101204480/9F4EFAB0454B250476A18E5DDD9E03CC/100\",\"is_yellow_vip\":\"0\",\"vip\":\"0\",\"yellow_vip_level\":\"0\",\"level\":\"0\",\"is_yellow_year_vip\":\"0\"}', null, null), ('8a2a607b4c72dee7014c77e2ce09001b', 'qq_佐佐木', null, null, null, null, null, '1', null, '2015-04-02 10:08:14', '2015-04-02 10:08:14', '0', 'http://q.qlogo.cn/qqapp/101204466/B085A437EF3B10B4FF262C8745E2F006/100', null, null, 'B085A437EF3B10B4FF262C8745E2F006', '{\"ret\":0,\"msg\":\"\",\"is_lost\":0,\"nickname\":\"佐佐木\",\"gender\":\"男\",\"province\":\"路易斯安那\",\"city\":\"新奥尔良\",\"year\":\"1999\",\"figureurl\":\"http://qzapp.qlogo.cn/qzapp/101204466/B085A437EF3B10B4FF262C8745E2F006/30\",\"figureurl_1\":\"http://qzapp.qlogo.cn/qzapp/101204466/B085A437EF3B10B4FF262C8745E2F006/50\",\"figureurl_2\":\"http://qzapp.qlogo.cn/qzapp/101204466/B085A437EF3B10B4FF262C8745E2F006/100\",\"figureurl_qq_1\":\"http://q.qlogo.cn/qqapp/101204466/B085A437EF3B10B4FF262C8745E2F006/40\",\"figureurl_qq_2\":\"http://q.qlogo.cn/qqapp/101204466/B085A437EF3B10B4FF262C8745E2F006/100\",\"is_yellow_vip\":\"0\",\"vip\":\"0\",\"yellow_vip_level\":\"0\",\"level\":\"0\",\"is_yellow_year_vip\":\"0\"}', null, null), ('8a2a607b4c72dee7014c77e84d4a001d', 'qq_Bruce', null, null, null, null, null, '1', null, '2015-04-02 10:14:15', '2015-04-02 10:14:15', '0', 'http://q.qlogo.cn/qqapp/101204466/53AEDBE18BD3B68D279AAA47DD740436/100', null, null, '53AEDBE18BD3B68D279AAA47DD740436', '{\"ret\":0,\"msg\":\"\",\"is_lost\":0,\"nickname\":\"Bruce\",\"gender\":\"男\",\"province\":\"河北\",\"city\":\"秦皇岛\",\"year\":\"1991\",\"figureurl\":\"http://qzapp.qlogo.cn/qzapp/101204466/53AEDBE18BD3B68D279AAA47DD740436/30\",\"figureurl_1\":\"http://qzapp.qlogo.cn/qzapp/101204466/53AEDBE18BD3B68D279AAA47DD740436/50\",\"figureurl_2\":\"http://qzapp.qlogo.cn/qzapp/101204466/53AEDBE18BD3B68D279AAA47DD740436/100\",\"figureurl_qq_1\":\"http://q.qlogo.cn/qqapp/101204466/53AEDBE18BD3B68D279AAA47DD740436/40\",\"figureurl_qq_2\":\"http://q.qlogo.cn/qqapp/101204466/53AEDBE18BD3B68D279AAA47DD740436/100\",\"is_yellow_vip\":\"0\",\"vip\":\"0\",\"yellow_vip_level\":\"0\",\"level\":\"0\",\"is_yellow_year_vip\":\"0\"}', null, null), ('8a2a607b4c72dee7014c77e8c5ad001f', 'qq_潇湘夜雨', null, null, null, null, null, '1', null, '2015-04-02 10:14:45', '2015-04-02 10:14:45', '0', 'http://q.qlogo.cn/qqapp/101204466/4D64E29B0F6CBDF64EBAC7940AA3A1D9/100', null, null, '4D64E29B0F6CBDF64EBAC7940AA3A1D9', '{\"ret\":0,\"msg\":\"\",\"is_lost\":0,\"nickname\":\"潇湘夜雨\",\"gender\":\"男\",\"province\":\"\",\"city\":\"那不勒斯\",\"year\":\"1995\",\"figureurl\":\"http://qzapp.qlogo.cn/qzapp/101204466/4D64E29B0F6CBDF64EBAC7940AA3A1D9/30\",\"figureurl_1\":\"http://qzapp.qlogo.cn/qzapp/101204466/4D64E29B0F6CBDF64EBAC7940AA3A1D9/50\",\"figureurl_2\":\"http://qzapp.qlogo.cn/qzapp/101204466/4D64E29B0F6CBDF64EBAC7940AA3A1D9/100\",\"figureurl_qq_1\":\"http://q.qlogo.cn/qqapp/101204466/4D64E29B0F6CBDF64EBAC7940AA3A1D9/40\",\"figureurl_qq_2\":\"http://q.qlogo.cn/qqapp/101204466/4D64E29B0F6CBDF64EBAC7940AA3A1D9/100\",\"is_yellow_vip\":\"0\",\"vip\":\"0\",\"yellow_vip_level\":\"0\",\"level\":\"0\",\"is_yellow_year_vip\":\"0\"}', null, null), ('8a2a607b4c72dee7014c77f616e00023', 'qq_小布', null, null, null, null, null, '1', null, '2015-04-02 10:29:18', '2015-04-02 10:29:18', '0', 'http://q.qlogo.cn/qqapp/101204466/AF3A53EDB300AD15C74F4457E95AEB76/100', null, null, 'AF3A53EDB300AD15C74F4457E95AEB76', '{\"ret\":0,\"msg\":\"\",\"is_lost\":0,\"nickname\":\"小布\",\"gender\":\"男\",\"province\":\"河北\",\"city\":\"秦皇岛\",\"year\":\"1991\",\"figureurl\":\"http://qzapp.qlogo.cn/qzapp/101204466/AF3A53EDB300AD15C74F4457E95AEB76/30\",\"figureurl_1\":\"http://qzapp.qlogo.cn/qzapp/101204466/AF3A53EDB300AD15C74F4457E95AEB76/50\",\"figureurl_2\":\"http://qzapp.qlogo.cn/qzapp/101204466/AF3A53EDB300AD15C74F4457E95AEB76/100\",\"figureurl_qq_1\":\"http://q.qlogo.cn/qqapp/101204466/AF3A53EDB300AD15C74F4457E95AEB76/40\",\"figureurl_qq_2\":\"http://q.qlogo.cn/qqapp/101204466/AF3A53EDB300AD15C74F4457E95AEB76/100\",\"is_yellow_vip\":\"0\",\"vip\":\"0\",\"yellow_vip_level\":\"0\",\"level\":\"0\",\"is_yellow_year_vip\":\"0\"}', null, null), ('8a2a607b4c79a18e014c9cde4c720001', 'qq_梦芽^_^星诺～just so so]', null, null, null, null, null, '1', null, '2015-04-09 14:29:16', '2015-04-09 14:29:16', '0', 'http://q.qlogo.cn/qqapp/101204466/3DA16778FFCECCE82FAB047164E5FAEC/100', null, null, '3DA16778FFCECCE82FAB047164E5FAEC', '{\"ret\":0,\"msg\":\"\",\"is_lost\":0,\"nickname\":\"梦芽^_^星诺～just so so]\",\"gender\":\"男\",\"province\":\"\",\"city\":\"\",\"year\":\"2015\",\"figureurl\":\"http://qzapp.qlogo.cn/qzapp/101204466/3DA16778FFCECCE82FAB047164E5FAEC/30\",\"figureurl_1\":\"http://qzapp.qlogo.cn/qzapp/101204466/3DA16778FFCECCE82FAB047164E5FAEC/50\",\"figureurl_2\":\"http://qzapp.qlogo.cn/qzapp/101204466/3DA16778FFCECCE82FAB047164E5FAEC/100\",\"figureurl_qq_1\":\"http://q.qlogo.cn/qqapp/101204466/3DA16778FFCECCE82FAB047164E5FAEC/40\",\"figureurl_qq_2\":\"http://q.qlogo.cn/qqapp/101204466/3DA16778FFCECCE82FAB047164E5FAEC/100\",\"is_yellow_vip\":\"0\",\"vip\":\"0\",\"yellow_vip_level\":\"0\",\"level\":\"0\",\"is_yellow_year_vip\":\"0\"}', null, null), ('8a2a607b4e782df10150608bed150000', 'asdfsdfsdads', null, null, 'asdfsdfsdads', 'YXNkZnNkMDAwMDAw', null, null, null, null, '2015-10-13 17:33:13', null, null, null, null, null, null, null, null), ('8a2a607b4e782df1015060915e650001', '994028591', null, null, '994028591@qq.com', 'OTk0MDI4NTkxQHFxLmNvbTAwMDAwMA==', null, null, null, null, '2015-10-13 17:39:11', null, null, null, null, null, null, null, null), ('ff8081814616cf27014616d0ecf70000', '一只萌萌夏', null, null, '123@qq.com', 'MTIzNDU2MDAwMDAw', null, null, null, null, '2014-05-20 20:42:47', null, '/mnt/apk/heads/1400743515791.jpg', null, null, null, null, null, null), ('ff8081814616d5ba014616e33f900000', '啦啦小牛', null, null, '294831928@qq.com', 'MzU1NjY2MDAwMDAw', null, null, null, null, '2014-05-20 20:42:47', null, 'e:/bruce/heads/1400681927317.jpg', null, null, null, null, null, null), ('ff8081814621311a014623219d7b0002', '82483151', null, null, '82483151@qq.com', 'ODMxMzUwNmh1YW5nMDAwMDAw', null, null, null, null, '2014-05-22 16:52:24', null, null, null, null, null, null, null, null);
COMMIT;

-- ----------------------------
--  Table structure for `bc_user_follow`
-- ----------------------------
DROP TABLE IF EXISTS `bc_user_follow`;
CREATE TABLE `bc_user_follow` (
  `id` varchar(32) NOT NULL COMMENT '主键',
  `author_id` varchar(32) DEFAULT NULL COMMENT '作者id',
  `follow_id` varchar(32) DEFAULT NULL COMMENT '关注者id',
  `create_time` varchar(32) DEFAULT NULL COMMENT '创建时间',
  `status` int(11) DEFAULT '1' COMMENT '关注状态',
  PRIMARY KEY (`id`)
) ENGINE=InnoDB DEFAULT CHARSET=utf8;

-- ----------------------------
--  Records of `bc_user_follow`
-- ----------------------------
BEGIN;
INSERT INTO `bc_user_follow` VALUES ('402880214c4f052b014c4f09b6c90000', '8a2a607b4be32484014be3bb9520000a', '4028800246132e3001461332b47b0003', '2015-03-25 11:46:18', '1'), ('402880224c4b073a014c4b0da0200000', '4028800246175f22014617603b3d0000', '4028800246132e3001461332b47b0003', '2015-03-24 17:12:06', '1'), ('402880224c4b1ed6014c4b1f42550000', '402880484be35eb6014be365844e0000', '4028800246132e3001461332b47b0003', '2015-03-24 17:31:22', '1'), ('402880224c4b1ed6014c4b233c320001', 'ff8081814616cf27014616d0ecf70000', '4028800246132e3001461332b47b0003', '2015-03-24 17:35:42', '1'), ('402880244c6ea8fe014c6f3b93380012', '402880214c500417014c5005f25b0000', '402880244c6ea8fe014c6eaf062c0002', '2015-03-31 17:48:37', '1'), ('402880ef4d287621014d2877e5990000', '402880214c500417014c5005f25b0000', '4028800246132e3001461332b47b0003', '2015-05-06 17:04:15', '1'), ('402881194dd75a3a014dd76202d10000', '4028800246132e3001461332b47b0003', '4028800246175f22014617603b3d0000', '2015-06-09 16:13:54', '1'), ('8a2a607b4c4b55c1014c4bda5c4e0001', '4028800246132e3001461332b47b0003', '4028800246174b4c0146174b94be0000', '2015-03-24 20:55:43', '1'), ('8a2a607b4c4b55c1014c4bdc4c6d0002', 'ff8081814616cf27014616d0ecf70000', '4028800246174b4c0146174b94be0000', '2015-03-24 20:57:50', '1'), ('8a2a607b4c4b55c1014c4bf14c060007', '4028800246175f22014617603b3d0000', '4028800246174b4c0146174b94be0000', '2015-03-24 21:20:47', '1'), ('8a2a607b4c4b55c1014c4bf2d2690008', '8a2a607b4be32484014be33919d80000', '4028800246174b4c0146174b94be0000', '2015-03-24 21:22:27', '1'), ('8a2a607b4c59efa8014c59f3a1ca0000', '402880484be35eb6014be365844e0000', '4028800246174b4c0146174b94be0000', '2015-03-27 14:38:01', '1'), ('8a2a607b4c72dee7014c72e0d1490000', '402880214c500417014c5005f25b0000', '8a2a607b4c6f4a68014c6f5506ff0000', '2015-04-01 10:47:58', '1'), ('8a2a607b4c72dee7014c72e0fa420001', '4028800246132e3001461332b47b0003', '8a2a607b4c6f4a68014c6f5506ff0000', '2015-04-01 10:48:09', '1'), ('8a2a607b4c72dee7014c72e15a700003', '4028800246174b4c0146174b94be0000', '8a2a607b4c6f4a68014c6f5506ff0000', '2015-04-01 10:48:33', '1'), ('8a2a607b4c72dee7014c72e3033f0009', '402880484be35eb6014be365844e0000', '8a2a607b4c6f4a68014c6f5506ff0000', '2015-04-01 10:50:22', '1'), ('8a2a607b4c72dee7014c72e34a09000a', '402880244c6ea8fe014c6eaf062c0002', '8a2a607b4c6f4a68014c6f5506ff0000', '2015-04-01 10:50:40', '1'), ('8a2a607b4c72dee7014c730ecc7d0015', '402880484be35eb6014be365844e0000', '8a2a607b4c72dee7014c730866880011', '2015-04-01 11:38:11', '1'), ('8a2a607b4c72dee7014c730f720b0016', '8a2a607b4be32484014be33919d80000', '8a2a607b4c72dee7014c730866880011', '2015-04-01 11:38:54', '1'), ('8a2a607b4c72dee7014c77e996ed0022', '8a2a607b4c6f4a68014c6f5506ff0000', '8a2a607b4c72dee7014c77e8c5ad001f', '2015-04-02 10:15:39', '1');
COMMIT;

-- ----------------------------
--  Table structure for `bc_user_lyrics`
-- ----------------------------
DROP TABLE IF EXISTS `bc_user_lyrics`;
CREATE TABLE `bc_user_lyrics` (
  `id` varchar(32) NOT NULL,
  `userid` varchar(32) DEFAULT NULL COMMENT '用户id',
  `lyricsid` varchar(32) DEFAULT NULL COMMENT '歌词id',
  PRIMARY KEY (`id`)
) ENGINE=InnoDB DEFAULT CHARSET=utf8;

-- ----------------------------
--  Records of `bc_user_lyrics`
-- ----------------------------
BEGIN;
INSERT INTO `bc_user_lyrics` VALUES ('40288002461893e40146189412b80001', '4028800246175f22014617603b3d0000', '40288002461893e40146189411d40000'), ('402880024618d1ed014618dc389c0001', '4028800246175f22014617603b3d0000', '402880024618d1ed014618dc380c0000'), ('402880024619154701461920073b0001', '4028800246132e3001461332b47b0003', '40288002461915470146192006760000'), ('40288002462887680146289437120001', 'ff8081814616cf27014616d0ecf70000', '40288002462887680146289436890000'), ('4028800246288768014628993f810003', 'ff8081814616cf27014616d0ecf70000', '4028800246288768014628993f070002'), ('4028800246289d330146289eef3c0001', 'ff8081814616cf27014616d0ecf70000', '4028800246289d330146289eeecb0000'), ('4028800246289d33014628a04ab90003', 'ff8081814616cf27014616d0ecf70000', '4028800246289d33014628a04a640002'), ('4028800246289d33014628a197bb0005', '4028800246132e3001461332b47b0003', '4028800246289d33014628a197760004'), ('402880214c500417014c500eeb540003', '402880214c500417014c5005f25b0000', '402880214c500417014c500eea5c0002'), ('402880464bde91eb014bde9ff3330001', '4028800246132e3001461332b47b0003', '402880464bde91eb014bde9ff2fb0000'), ('402880464bde91eb014bdea2c7440003', '4028800246132e3001461332b47b0003', '402880464bde91eb014bdea2c73b0002'), ('402880464bde91eb014bdea306bf0005', '4028800246132e3001461332b47b0003', '402880464bde91eb014bdea306b30004'), ('402880464bdea65b014bdea881fd0001', '4028800246132e3001461332b47b0003', '402880464bdea65b014bdea881ce0000'), ('8a2a607b4be3c16f014be3c99cbd0004', '8a2a607b4be32484014be3bb9520000a', '8a2a607b4be3c16f014be3c99ab70003'), ('8a2a607b4e782df10150609690d30003', '8a2a607b4e782df1015060915e650001', '8a2a607b4e782df10150609690930002'), ('8a2a607b4e782df101508f69de680006', '4028800246132e3001461332b47b0003', '8a2a607b4e782df101508f69de4e0005'), ('ff8081814621311a014623585db7000b', '4028800246175f22014617603b3d0000', 'ff8081814621311a014623585bba000a');
COMMIT;

-- ----------------------------
--  Table structure for `bc_userprofile`
-- ----------------------------
DROP TABLE IF EXISTS `bc_userprofile`;
CREATE TABLE `bc_userprofile` (
  `id` varchar(32) NOT NULL DEFAULT '' COMMENT '唯一主键',
  `user_id` varchar(32) NOT NULL COMMENT '用户id',
  `name` varchar(255) DEFAULT NULL COMMENT '真实姓名',
  `nickname` varchar(32) DEFAULT NULL COMMENT '昵称',
  `language` varchar(255) DEFAULT '' COMMENT '语种',
  `location` varchar(255) DEFAULT '' COMMENT '位置',
  `meta` longtext COMMENT '改变介绍',
  `courseware` varchar(255) DEFAULT '' COMMENT '个人网页',
  `gender` varchar(6) DEFAULT NULL COMMENT '性别',
  `tel` varchar(16) DEFAULT NULL,
  `mailing_address` longtext COMMENT '邮寄地址',
  `year_of_birth` varchar(255) DEFAULT NULL COMMENT '出生年月',
  `level_of_education` varchar(6) DEFAULT NULL COMMENT '教育水平',
  `goals` longtext COMMENT '爱好',
  `allow_certificate` tinyint(1) DEFAULT '0' COMMENT '允许授权',
  `country` varchar(2) DEFAULT NULL COMMENT '国家',
  `city` longtext COMMENT '城市',
  `is_del` tinyint(1) DEFAULT NULL COMMENT '是否已删除',
  `user_slug` varchar(255) DEFAULT NULL COMMENT '字母代号',
  PRIMARY KEY (`id`),
  UNIQUE KEY `user_id` (`user_id`),
  KEY `auth_userprofile_52094d6e` (`name`),
  KEY `auth_userprofile_8a7ac9ab` (`language`),
  KEY `auth_userprofile_b54954de` (`location`),
  KEY `auth_userprofile_fca3d292` (`gender`),
  KEY `auth_userprofile_d85587` (`year_of_birth`),
  KEY `auth_userprofile_551e365c` (`level_of_education`)
) ENGINE=InnoDB DEFAULT CHARSET=utf8 COMMENT='用户个人详细信息表';

-- ----------------------------
--  Records of `bc_userprofile`
-- ----------------------------
BEGIN;
INSERT INTO `bc_userprofile` VALUES ('40288002461e235901461e24071a0000', '40288002461d5e3901461d5ebb6e0000', null, null, null, null, null, 'http://blog.sina.com.cn/u/1843375347', null, null, null, '1991-12-31', null, null, null, null, null, null, 'qhd000'), ('402880244c6ea8fe014c6eaf069a0003', '402880244c6ea8fe014c6eaf062c0002', null, null, null, null, null, null, '男', null, null, '1995', null, null, null, null, '那不勒斯', null, null), ('402880244c72be50014c7304b0f90001', '402880244c72be50014c7304b0b30000', null, null, null, null, null, null, '男', null, null, '1999', null, null, null, null, '新奥尔良', null, null), ('402880484be37126014be37e78b20000', '402880484be35eb6014be365844e0000', null, null, null, null, null, 'zhangyang.z@icloud.com', null, null, null, null, null, null, null, null, null, null, 'zhangyang.z@icloud.com'), ('402880fd461f1aa601461f1f53140000', '4028800246132e3001461332b47b0003', null, null, null, null, null, 'http://hi.baidu.com/bruce_lemon', null, null, null, '1991-12-31', null, null, null, null, null, null, 'bruce'), ('402880fd461f1aa601461f2615010001', 'ff8081814616d5ba014616e33f900000', null, null, null, null, null, '294831928@qq.com', null, null, null, '1991-04-02', null, null, null, null, null, null, 'llxn——lemon'), ('8a2a607b4be32484014be3574f040007', '4028800246174b4c0146174b94be0000', null, null, null, null, null, '789@qq.com', null, null, null, '1995-06-07', null, null, null, null, null, null, '789'), ('8a2a607b4be992c1014bece55f780000', '8a2a607b4be32484014be33919d80000', null, null, null, null, null, 'www.sabi6.com', null, null, null, null, null, null, null, null, null, null, null), ('8a2a607b4c6f4a68014c6f5507190001', '8a2a607b4c6f4a68014c6f5506ff0000', null, null, null, null, null, null, '男', null, null, '1991', null, null, null, null, '秦皇岛', null, null), ('8a2a607b4c72dee7014c72fd4a40000c', '8a2a607b4c72dee7014c72fd4a32000b', null, null, null, null, null, null, '男', null, null, '2015', null, null, null, null, '', null, null), ('8a2a607b4c72dee7014c72fd6b5e000e', '8a2a607b4c72dee7014c72fd6b4a000d', null, null, null, null, null, null, '男', null, null, '1984', null, null, null, null, '衡水', null, null), ('8a2a607b4c72dee7014c7300d5430010', '8a2a607b4c72dee7014c7300d530000f', null, null, null, null, null, null, '男', null, null, '1999', null, null, null, null, '新奥尔良', null, null), ('8a2a607b4c72dee7014c7308668e0012', '8a2a607b4c72dee7014c730866880011', null, null, null, null, null, null, '男', null, null, '1991', null, null, null, null, '秦皇岛', null, null), ('8a2a607b4c72dee7014c739895b4001a', '8a2a607b4c72dee7014c7398959c0019', null, null, null, null, null, null, '女', null, null, '1994', null, null, null, null, '成都', null, null), ('8a2a607b4c72dee7014c77e2ce0e001c', '8a2a607b4c72dee7014c77e2ce09001b', null, null, null, null, null, null, '男', null, null, '1999', null, null, null, null, '新奥尔良', null, null), ('8a2a607b4c72dee7014c77e84d5c001e', '8a2a607b4c72dee7014c77e84d4a001d', null, null, null, null, null, null, '男', null, null, '1991', null, null, null, null, '秦皇岛', null, null), ('8a2a607b4c72dee7014c77e8c5c40020', '8a2a607b4c72dee7014c77e8c5ad001f', null, null, null, null, null, null, '男', null, null, '1995', null, null, null, null, '那不勒斯', null, null), ('8a2a607b4c72dee7014c77f616e60024', '8a2a607b4c72dee7014c77f616e00023', null, null, null, null, null, null, '男', null, null, '1991', null, null, null, null, '秦皇岛', null, null), ('8a2a607b4c79a18e014c9cde4ce40003', '8a2a607b4c79a18e014c9cde4c720001', null, null, null, null, null, null, '男', null, null, '2015', null, null, null, null, '', null, null), ('8a2a607b4e782df101506098c5e60004', '8a2a607b4e782df1015060915e650001', null, null, null, null, null, 'http://blog.csdn.net/shuangrenyu1234', null, null, null, '1992-09-12', null, null, null, null, null, null, null), ('ff8081814621311a014622d1dc070000', 'ff8081814616cf27014616d0ecf70000', null, null, null, null, null, 'http:www.yzmmx.cc', null, null, null, '1991-10-02', null, null, null, null, null, null, 'mm@x'), ('ff8081814621311a01462351e0d70009', '4028800246175f22014617603b3d0000', null, null, null, null, null, 'http://dmszh.com', null, null, null, '2014-05-09', null, null, null, null, null, null, 'dmszh');
COMMIT;

SET FOREIGN_KEY_CHECKS = 1;
